MovieName,Actor,Director,Genre,Year,Review,Sentiment
Captain Miller,Dhanush,Arun Matheswaran,Period Action,2024,Dhanush's transformation into the rebellious Miller is complete. His physicality and screen presence are at peak.,Positive
Vedalam,Ajith Kumar,Siva,Action,2015,"Vedalam is exactly what it promises to be — a Siva-Ajith mass entertainer. Expectations met, nothing more.",Neutral
Captain Miller,Dhanush,Arun Matheswaran,Period Action,2024,"Despite impressive individual sequences, Captain Miller does not come together as a fully satisfying film.",Negative
Maaran,Dhanush,Karthick Naren,Action Thriller,2022,Maaran has a good first half and a weak second half. The final rating depends on how forgiving you are.,Neutral
Bigil,Vijay,Atlee,Sports Action,2019,AR Rahman's Verithanam is an absolute banger. The BGM throughout the film is phenomenal. Vijay dances like a dream in every song.,Positive
Soorarai Pottru,Suriya,Sudha Kongara,Biographical Drama,2020,"Based on Captain Gopinath's remarkable life, the film inspires without feeling preachy or artificially uplifting.",Positive
Mahaan,Chiyaan Vikram,Karthik Subbaraj,Drama,2022,Mahaan is a deeply moving father-son saga that showcases both Chiyaan Vikram and Dhruv Vikram at their absolute best.,Positive
Lal Salaam,Rajinikanth,Aishwarya Rajinikanth,Drama,2024,Lal Salaam is not a bad film but not a memorable one either. It is average in most departments.,Neutral
Vedalam,Ajith Kumar,Siva,Action,2015,"Better than some of Ajith's recent films but still follows the same formula. Fans will love it, others will find it average.",Neutral
Mahaan,Chiyaan Vikram,Karthik Subbaraj,Drama,2022,A well-made film that deserves its appreciation but is not quite the masterpiece some have declared it to be.,Neutral
Mahaan,Chiyaan Vikram,Karthik Subbaraj,Drama,2022,Solid Tamil cinema that takes risks and mostly succeeds. Worth watching for the performances alone.,Neutral
Maaran,Dhanush,Karthick Naren,Action Thriller,2022,Maaran has Dhanush in electric form as a fearless journalist. The media freedom theme is timely and important.,Positive
Valimai,Ajith Kumar,H Vinoth,Action,2022,Second half drags considerably. The film needed sharper editing to maintain the energy of its impressive first half.,Negative
Beast,Vijay,Nelson Dilipkumar,Action,2022,Nelson's writing is sharp and witty. The dialogues are memorable and punchy. Beast has some of the best one-liners in recent Tamil cinema.,Positive
Karnan,Dhanush,Mari Selvaraj,Drama,2021,Karnan is a profound and powerful film about caste oppression that stands among the greatest Tamil films ever made.,Positive
Soorarai Pottru,Suriya,Sudha Kongara,Biographical Drama,2020,Suriya fans and aviation enthusiasts will enjoy this greatly. General audiences will find a competent uplifting drama.,Neutral
Soorarai Pottru,Suriya,Sudha Kongara,Biographical Drama,2020,Soorarai Pottru is a well-made inspirational film. Not groundbreaking but deeply satisfying entertainment.,Neutral
Pariyerum Perumal,Kathir,Mari Selvaraj,Social Drama,2018,Pariyerum Perumal is a landmark Tamil film about caste discrimination that is both heartbreaking and necessary viewing.,Positive
Jai Bhim,Suriya,TJ Gnanavel,Legal Drama,2021,The film is exceptional but one-watch territory given the heavy subject matter and emotional toll it takes.,Neutral
Thunivu,Ajith Kumar,H Vinoth,Heist Action,2023,Pacing issues in the middle stretch drag the film unnecessarily. Some scenes could have been cut for a tighter experience.,Negative
Demonte Colony,Arulnithi,R Ajay Gnanamuthu,Horror,2015,The climax is intense and satisfying in the way only good horror can be when it earns its resolution.,Positive
Varisu,Vijay,Vamshi Paidipally,Family Drama,2023,Vamshi Paidipally makes glossy films and Varisu is no exception. Visually appealing but narratively hollow.,Neutral
Demonte Colony,Arulnithi,R Ajay Gnanamuthu,Horror,2015,Worth watching for horror enthusiasts. General audiences may find it too slow in places.,Neutral
Thunivu,Ajith Kumar,H Vinoth,Heist Action,2023,The supporting cast is well-utilized. Each member of the heist team has a distinct personality and purpose.,Positive
Varisu,Vijay,Vamshi Paidipally,Family Drama,2023,The production design is luxurious and fitting for the corporate family drama setting. Every frame looks polished and expensive.,Positive
Lal Salaam,Rajinikanth,Aishwarya Rajinikanth,Drama,2024,Decent debut in terms of direction from Aishwarya. The film has rough edges but shows potential for future projects.,Neutral
Valimai,Ajith Kumar,H Vinoth,Action,2022,The antagonist gang and their bike culture is depicted with authentic detail that adds texture to the narrative.,Positive
Pariyerum Perumal,Kathir,Mari Selvaraj,Social Drama,2018,The narrative resolution is tragic in a way that feels simultaneously honest and emotionally cruel to the characters.,Negative
Lal Salaam,Rajinikanth,Aishwarya Rajinikanth,Drama,2024,Aishwarya Rajinikanth's direction lacks the finesse needed for this kind of sensitive subject matter.,Negative
Beast,Vijay,Nelson Dilipkumar,Action,2022,"The tone is inconsistent — too comedic for a thriller, too serious for a pure entertainer. Nelson could not decide what film he was making.",Negative
Valimai,Ajith Kumar,H Vinoth,Action,2022,Valimai is an action film that delivers on action but stumbles elsewhere. The bike sequences alone make it worth watching.,Neutral
Captain Miller,Dhanush,Arun Matheswaran,Period Action,2024,Captain Miller is a rousing period action film with Dhanush delivering a magnetic performance of commanding presence.,Positive
Bigil,Vijay,Atlee,Sports Action,2019,The production values are massive. Every frame looks grand. Atlee has crafted a big-budget film that feels worth every penny.,Positive
Demonte Colony,Arulnithi,R Ajay Gnanamuthu,Horror,2015,The film does not quite sustain its impressive atmosphere all the way to the conclusion.,Negative
Lal Salaam,Rajinikanth,Aishwarya Rajinikanth,Drama,2024,The message of Hindu-Muslim unity through cricket is relevant and needed in today's times. The film handles it with sincerity.,Positive
Ponniyin Selvan,Chiyaan Vikram,Mani Ratnam,Period Drama,2022,Ponniyin Selvan is a monumental achievement in Indian cinema. Mani Ratnam's magnum opus brings Kalki's classic novel to breathtaking life.,Positive
Jai Bhim,Suriya,TJ Gnanavel,Legal Drama,2021,The pacing slows considerably in the legal portions compared to the urgency of the investigation sections.,Negative
Demonte Colony,Arulnithi,R Ajay Gnanamuthu,Horror,2015,Demonte Colony succeeds in creating a horror film that feels distinctly Tamil while drawing on universal fears.,Positive
Ponniyin Selvan,Chiyaan Vikram,Mani Ratnam,Period Drama,2022,Some characters do not receive adequate screen time to be fully developed given the story's scope.,Negative
Vedalam,Ajith Kumar,Siva,Action,2015,Anirudh's music is outstanding especially Kannaana Kanney which became an instant classic Tamil song.,Positive
Ponniyin Selvan,Chiyaan Vikram,Mani Ratnam,Period Drama,2022,Non-Tamil audiences may struggle with the names and relationships without prior knowledge of the source material.,Negative
Captain Miller,Dhanush,Arun Matheswaran,Period Action,2024,The narrative is fragmented in ways that make emotional investment difficult to sustain throughout.,Negative
Kanguva,Suriya,Siva,Action Fantasy,2024,Kanguva is visually impressive but narratively weak. Depends entirely on your tolerance for style over substance.,Neutral
Thunivu,Ajith Kumar,H Vinoth,Heist Action,2023,The bank heist sequences are tightly edited and full of tension. The first half especially is engaging and fast-paced.,Positive
Soorarai Pottru,Suriya,Sudha Kongara,Biographical Drama,2020,The film occasionally tells us how to feel rather than trusting the story to create that feeling organically.,Negative
Valimai,Ajith Kumar,H Vinoth,Action,2022,The romantic track is entirely useless and adds nothing to the main narrative. Should have been completely excised.,Negative
Mandela,Yogi Babu,Madonne Ashwin,Political Comedy,2021,The supporting cast is excellent and the village community feels authentically observed and humanely portrayed.,Positive
Vettaiyan,Rajinikanth,TJ Gnanavel,Action Drama,2024,Vettaiyan is the kind of meaningful cinema that stays with you long after leaving the theater.,Positive
Cobra,Chiyaan Vikram,Ajay Gnanamuthu,Thriller,2022,Cobra is a mixed bag. Vikram's performance is great but the story lets him down considerably.,Neutral
Valimai,Ajith Kumar,H Vinoth,Action,2022,Valimai is a high-adrenaline action film with some of the best bike chase sequences ever filmed in Indian cinema.,Positive
Thunivu,Ajith Kumar,H Vinoth,Heist Action,2023,Ajith fans will enjoy this. General audiences may find it an average commercial entertainer with good first half.,Neutral
Mandela,Yogi Babu,Madonne Ashwin,Political Comedy,2021,International audiences without context about Tamil Nadu politics may miss some specific references and jokes.,Negative
Beast,Vijay,Nelson Dilipkumar,Action,2022,The emotional core of the film about trauma is handled surprisingly well for an action entertainer of this scale.,Positive
Jai Bhim,Suriya,TJ Gnanavel,Legal Drama,2021,Jai Bhim is a masterpiece of Indian cinema. TJ Gnanavel's powerful film about caste-based police brutality is essential viewing.,Positive
Karnan,Dhanush,Mari Selvaraj,Drama,2021,This is Tamil cinema as social resistance. Mari Selvaraj creates art that has genuine political and human urgency.,Positive
Pariyerum Perumal,Kathir,Mari Selvaraj,Social Drama,2018,Yogi Babu demonstrates his range here with a surprisingly moving performance alongside his trademark comedy.,Positive
Karnan,Dhanush,Mari Selvaraj,Drama,2021,Karnan is a masterwork for those receptive to its style. Others will find it impenetrable and exhausting.,Neutral
Ponniyin Selvan,Chiyaan Vikram,Mani Ratnam,Period Drama,2022,Mani Ratnam's direction is assured and majestic. He handles the complex narrative with remarkable clarity and vision.,Positive
Soorarai Pottru,Suriya,Sudha Kongara,Biographical Drama,2020,Aparna Balamurali is extraordinary as Bommi. Her performance is one of the most memorable in recent Tamil cinema.,Positive
Maaran,Dhanush,Karthick Naren,Action Thriller,2022,GV Prakash Kumar delivers an energetic score that keeps the film's pulse racing during key sequences.,Positive
Demonte Colony,Arulnithi,R Ajay Gnanamuthu,Horror,2015,Ajay Gnanamuthu demonstrates remarkable control over horror filmmaking in this impressive debut feature.,Positive
Maaran,Dhanush,Karthick Naren,Action Thriller,2022,The action sequences are visceral and impactful. Dhanush's physicality in fight scenes is impressive throughout.,Positive
Soorarai Pottru,Suriya,Sudha Kongara,Biographical Drama,2020,The second half loses some of the intimate energy of the first half as it becomes more conventionally dramatic.,Negative
Cobra,Chiyaan Vikram,Ajay Gnanamuthu,Thriller,2022,"AR Rahman delivers an eclectic, experimental score that perfectly matches the film's global, ambitious tone.",Positive
Ponniyin Selvan,Chiyaan Vikram,Mani Ratnam,Period Drama,2022,The scale and grandeur of the production is unparalleled in Tamil film history. Every frame looks like a painting.,Positive
Varisu,Vijay,Vamshi Paidipally,Family Drama,2023,Vijay deserves better written films. Varisu wastes his talent on a generic story that has been done better multiple times before.,Negative
Soorarai Pottru,Suriya,Sudha Kongara,Biographical Drama,2020,Sudha Kongara's direction is intimate and emotionally intelligent. She finds the human story within the corporate narrative.,Positive
Pariyerum Perumal,Kathir,Mari Selvaraj,Social Drama,2018,The film rewards investment deeply. Casual viewers may struggle but serious cinema fans will treasure it.,Neutral
Mandela,Yogi Babu,Madonne Ashwin,Political Comedy,2021,The film works as entertaining comedy and sharp political commentary simultaneously — a genuinely rare achievement.,Positive
Bigil,Vijay,Atlee,Sports Action,2019,"Bigil is a typical Atlee-Vijay commercial entertainer. If you enjoy that formula, you will like it. Others may find it predictable.",Neutral
Thunivu,Ajith Kumar,H Vinoth,Heist Action,2023,The social commentary on private bank corruption is relevant. Thunivu works as both entertainment and social commentary.,Positive
Beast,Vijay,Nelson Dilipkumar,Action,2022,Vijay's dancing in Arabic Kuthu is phenomenal. The song became a cultural moment and showcases his effortless screen presence.,Positive
Lal Salaam,Rajinikanth,Aishwarya Rajinikanth,Drama,2024,Vishnu Vishal and Vikrant deliver strong performances as the leads. Their rivalry and eventual brotherhood feels authentic.,Positive
Bigil,Vijay,Atlee,Sports Action,2019,"Vijay's performance as the village don Rayappan is scene-stealing. His mannerisms, dialogue delivery — everything is top class.",Positive
Captain Miller,Dhanush,Arun Matheswaran,Period Action,2024,The supporting cast creates memorable characters even in limited screen time. Ensemble work is excellent.,Positive
Vedalam,Ajith Kumar,Siva,Action,2015,Good family entertainment with strong emotional content. The action is fun and the sentiment works well.,Neutral
Mahaan,Chiyaan Vikram,Karthik Subbaraj,Drama,2022,The father-son dynamic works beautifully. Other aspects of the film are good but less remarkable.,Neutral
Jai Bhim,Suriya,TJ Gnanavel,Legal Drama,2021,"Suriya gives the performance of his career. His portrayal of advocate Chandru is passionate, committed, and deeply human.",Positive
Maaran,Dhanush,Karthick Naren,Action Thriller,2022,Dhanush fans will find enough to enjoy. Others will be frustrated by the wasted potential.,Neutral
Soorarai Pottru,Suriya,Sudha Kongara,Biographical Drama,2020,Some scenes feel emotionally manipulative rather than earned through genuine dramatic development.,Negative
Valimai,Ajith Kumar,H Vinoth,Action,2022,Valimai suffers from an overlong runtime that includes too many unnecessary subplots and songs.,Negative
Thunivu,Ajith Kumar,H Vinoth,Heist Action,2023,Thunivu is entertaining but not H Vinoth's best work with Ajith. The heist elements work better than the social drama portions.,Neutral
Bigil,Vijay,Atlee,Sports Action,2019,Jackie Shroff as the villain is intimidating. His scenes with Vijay have great energy. The antagonist angle works well in the narrative.,Positive
Demonte Colony,Arulnithi,R Ajay Gnanamuthu,Horror,2015,The period setting adds authenticity and removes the safety net of modern technology from the characters.,Positive
Bigil,Vijay,Atlee,Sports Action,2019,Nayanthara's role is well-written for once. The women's football team angle adds freshness to the story. Bigil is a wholesome family film.,Positive
Thunivu,Ajith Kumar,H Vinoth,Heist Action,2023,Ajith looks extremely cool and stylish throughout. His screen presence and physicality in action scenes are impressive.,Positive
Ponniyin Selvan,Chiyaan Vikram,Mani Ratnam,Period Drama,2022,Mani Ratnam proves that literary adaptation at the highest level is possible in Tamil commercial cinema.,Positive
Thunivu,Ajith Kumar,H Vinoth,Heist Action,2023,H Vinoth and Ajith's collaboration continues to yield interesting results. Thunivu is their best work together so far.,Positive
Beast,Vijay,Nelson Dilipkumar,Action,2022,"Beast is pure fun from start to finish. If you want entertainment without overthinking the plot, this delivers exactly that.",Positive
Vedalam,Ajith Kumar,Siva,Action,2015,Standard Siva mass film with above-average emotional content. Decent watch for Tamil commercial cinema fans.,Neutral
Varisu,Vijay,Vamshi Paidipally,Family Drama,2023,Varisu is a predictable corporate family drama with no surprises. Every plot point can be seen coming from miles away.,Negative
Valimai,Ajith Kumar,H Vinoth,Action,2022,The film is better than expected given the mixed pre-release buzz. Ajith delivers and the action is genuinely impressive.,Neutral
Valimai,Ajith Kumar,H Vinoth,Action,2022,Fans of pure action cinema will enjoy Valimai. Those expecting a complete film with strong story will be disappointed.,Neutral
Bigil,Vijay,Atlee,Sports Action,2019,"The film has its highs and lows. Football sequences are good, emotional drama is decent, but the overall script feels formulaic.",Neutral
Jai Bhim,Suriya,TJ Gnanavel,Legal Drama,2021,The courtroom sequences are riveting. The film builds to its legal conclusion with exceptional dramatic skill.,Positive
Ponniyin Selvan,Chiyaan Vikram,Mani Ratnam,Period Drama,2022,Ravi Varman's cinematography is breathtakingly beautiful. The film is a visual feast from beginning to end.,Positive
Mandela,Yogi Babu,Madonne Ashwin,Political Comedy,2021,The climax is slightly predictable for a film that is otherwise clever and subversive throughout.,Negative
Jai Bhim,Suriya,TJ Gnanavel,Legal Drama,2021,"Sean Roldan's score is perfectly calibrated — present when needed, silent when silence serves the story better.",Positive
Valimai,Ajith Kumar,H Vinoth,Action,2022,Ajith Kumar is in peak physical form. His dedication to the action sequences is evident and commendable throughout.,Positive
Mahaan,Chiyaan Vikram,Karthik Subbaraj,Drama,2022,Mahaan lingers in the mind long after watching. It is the kind of film that demands and rewards reflection.,Positive
Lal Salaam,Rajinikanth,Aishwarya Rajinikanth,Drama,2024,Lal Salaam is a well-intentioned but poorly executed film. The screenplay is weak and the emotional beats feel manipulative.,Negative
Karnan,Dhanush,Mari Selvaraj,Drama,2021,Karnan's slow burn pacing will lose viewers expecting conventional entertainment or even conventional drama.,Negative
Ponniyin Selvan,Chiyaan Vikram,Mani Ratnam,Period Drama,2022,The ensemble cast is outstanding. Every actor inhabits their character fully and the performances are uniformly excellent.,Positive
Ponniyin Selvan,Chiyaan Vikram,Mani Ratnam,Period Drama,2022,"The battle sequences, while visually impressive, lack the visceral energy that such epic confrontations demand.",Negative
Mandela,Yogi Babu,Madonne Ashwin,Political Comedy,2021,The writing is clever and the observations about electoral politics are sharp and painfully accurate.,Positive
Karnan,Dhanush,Mari Selvaraj,Drama,2021,An important film that demands engagement rather than passive viewing. Not entertainment but genuine art.,Neutral
Vettaiyan,Rajinikanth,TJ Gnanavel,Action Drama,2024,"The film raises important questions about justice, law, and morality without being preachy or one-sided.",Positive
Varisu,Vijay,Vamshi Paidipally,Family Drama,2023,Good for family viewing. The message is positive and the entertainment value is adequate. Nothing spectacular though.,Neutral
Bigil,Vijay,Atlee,Sports Action,2019,The interval block is pure mass entertainment. Bigil knows how to keep the audience engaged and on the edge of their seats.,Positive
Bigil,Vijay,Atlee,Sports Action,2019,"Runtime is a problem. At nearly 3 hours, Bigil overstays its welcome. Several scenes could have been trimmed without losing anything important.",Negative
Lal Salaam,Rajinikanth,Aishwarya Rajinikanth,Drama,2024,The cricket sequences are well-choreographed and engaging. The sports drama elements are executed with genuine passion.,Positive
Bigil,Vijay,Atlee,Sports Action,2019,Bigil suffers from serious pacing issues in the second half. The football sequences feel rushed and the drama becomes overly melodramatic.,Negative
Beast,Vijay,Nelson Dilipkumar,Action,2022,"Selvaraghavan's villain is underutilized. Given his talent, the character deserved much better writing and more screen time.",Negative
Beast,Vijay,Nelson Dilipkumar,Action,2022,Nelson brings fresh energy to Vijay's filmography. Beast feels different from his usual mass films in a refreshing way.,Positive
Bigil,Vijay,Atlee,Sports Action,2019,Too many songs disrupt the narrative flow. AR Rahman's music is good but the placement of songs feels forced and unnecessary.,Negative
Pariyerum Perumal,Kathir,Mari Selvaraj,Social Drama,2018,Kathir's debut performance is extraordinary. He brings an authenticity to Pariyerum that transcends acting.,Positive
Ponniyin Selvan,Chiyaan Vikram,Mani Ratnam,Period Drama,2022,AR Rahman's score is transcendent. The music transports you completely to the Chola era with extraordinary power.,Positive
Captain Miller,Dhanush,Arun Matheswaran,Period Action,2024,A partial success. The elements are good individually but the film does not fully cohere as a complete work.,Neutral
Mahaan,Chiyaan Vikram,Karthik Subbaraj,Drama,2022,The performances are uniformly excellent. The entire cast elevates the already strong written material.,Positive
Varisu,Vijay,Vamshi Paidipally,Family Drama,2023,"Vijay's maturity as an actor shows in Varisu. He underplays in crucial scenes with great effect, letting the emotions speak naturally.",Positive
Mandela,Yogi Babu,Madonne Ashwin,Political Comedy,2021,Worth watching for the satire and Yogi Babu's performance. A modest but genuine artistic success.,Neutral
Vettaiyan,Rajinikanth,TJ Gnanavel,Action Drama,2024,The second half loses focus and meanders before finding its footing again. Some editing tightening was needed.,Negative
Pariyerum Perumal,Kathir,Mari Selvaraj,Social Drama,2018,Mari Selvaraj announces himself as a major talent here. Rough edges but undeniable artistic vision.,Neutral
Mahaan,Chiyaan Vikram,Karthik Subbaraj,Drama,2022,The pacing is deliberately slow which may alienate audiences expecting conventional action drama.,Negative
Karnan,Dhanush,Mari Selvaraj,Drama,2021,Dhanush and Mari Selvaraj together create something extraordinary that transcends conventional cinema.,Positive
Lal Salaam,Rajinikanth,Aishwarya Rajinikanth,Drama,2024,The editing is choppy and the film lacks a cohesive narrative flow from start to finish.,Negative
Varisu,Vijay,Vamshi Paidipally,Family Drama,2023,Varisu works as a complete family entertainer. The corporate drama elements are simplified but the human emotions feel authentic.,Positive
Lal Salaam,Rajinikanth,Aishwarya Rajinikanth,Drama,2024,"Rajinikanth's cameo is electrifying. Even in limited screen time, his presence lights up every scene he appears in.",Positive
Vedalam,Ajith Kumar,Siva,Action,2015,"Vedalam is predictable from start to finish. If you have seen any Siva-Ajith film, you know exactly what will happen.",Negative
Pariyerum Perumal,Kathir,Mari Selvaraj,Social Drama,2018,The film's quiet approach means some powerful moments are easy to miss on a distracted viewing.,Negative
Beast,Vijay,Nelson Dilipkumar,Action,2022,Supporting cast is excellent. Selvaraghavan's villain portrayal is menacing. The antagonist team is well-written for this kind of film.,Positive
Bigil,Vijay,Atlee,Sports Action,2019,Bigil is the kind of film that makes you want to stand up and cheer. The climax football match had the entire theater in celebration mode.,Positive
Kanguva,Suriya,Siva,Action Fantasy,2024,Such a massive waste of budget and talent. The film looks expensive but has nothing meaningful to say.,Negative
Karnan,Dhanush,Mari Selvaraj,Drama,2021,The ensemble of largely non-professional actors is remarkable. Every face tells a story of real lived experience.,Positive
Varisu,Vijay,Vamshi Paidipally,Family Drama,2023,The father-son emotional scenes are beautifully written. R Sarathkumar delivers one of his finest performances as the ailing patriarch.,Positive
Vettaiyan,Rajinikanth,TJ Gnanavel,Action Drama,2024,Rajinikanth tries something different here. The results are mixed but the attempt is commendable and worth watching.,Neutral
Jai Bhim,Suriya,TJ Gnanavel,Legal Drama,2021,"Jai Bhim makes you angry, sad, and ultimately hopeful. It is the kind of cinema that genuinely matters and changes perspectives.",Positive
Ponniyin Selvan,Chiyaan Vikram,Mani Ratnam,Period Drama,2022,The political intrigue and palace machinations are depicted with sophistication that respects the audience's intelligence.,Positive
Cobra,Chiyaan Vikram,Ajay Gnanamuthu,Thriller,2022,The plot is needlessly complicated and the multiple twists eventually become tiresome and impossible to follow.,Negative
Karnan,Dhanush,Mari Selvaraj,Drama,2021,Santhosh Narayanan's folk-infused score is extraordinary. The music feels ancient and urgent at the same time.,Positive
Soorarai Pottru,Suriya,Sudha Kongara,Biographical Drama,2020,Suriya delivers a towering performance as Maara. His transformation from an idealistic dreamer to a determined achiever is beautifully rendered.,Positive
Pariyerum Perumal,Kathir,Mari Selvaraj,Social Drama,2018,"Some scenes of caste violence are difficult to watch, though their inclusion is dramatically and socially justified.",Negative
Cobra,Chiyaan Vikram,Ajay Gnanamuthu,Thriller,2022,Vikram as a mathematician villain is a fascinating concept that the film partially delivers on successfully.,Positive
Karnan,Dhanush,Mari Selvaraj,Drama,2021,"Some scenes of violence, though necessary, are extremely difficult to watch and may be too intense for many viewers.",Negative
Ponniyin Selvan,Chiyaan Vikram,Mani Ratnam,Period Drama,2022,Ponniyin Selvan succeeds in being both mass entertainment and high art simultaneously — a rare and remarkable achievement.,Positive
Beast,Vijay,Nelson Dilipkumar,Action,2022,The mall hostage setting creates great tension. Nelson uses the confined space creatively to build suspense and action choreography.,Positive
Beast,Vijay,Nelson Dilipkumar,Action,2022,The film is neither great nor terrible. It has its moments but the overall package is underwhelming given the talent involved.,Neutral
Ponniyin Selvan,Chiyaan Vikram,Mani Ratnam,Period Drama,2022,Ponniyin Selvan is impressive but the complexity may alienate casual viewers. Rewards patience and attention.,Neutral
Demonte Colony,Arulnithi,R Ajay Gnanamuthu,Horror,2015,Demonte Colony is solid Tamil horror that genre fans will appreciate. Not revolutionary but competently scary.,Neutral
Soorarai Pottru,Suriya,Sudha Kongara,Biographical Drama,2020,The antagonist corporate villain is disappointingly one-dimensional and lacks nuance or believable motivation.,Negative
Thunivu,Ajith Kumar,H Vinoth,Heist Action,2023,"Ghibran's background score is excellent throughout. The music perfectly matches the dark, gritty tone of the narrative.",Positive
Beast,Vijay,Nelson Dilipkumar,Action,2022,Beast works as a time-pass film. Do not expect depth or logic — just enjoy Vijay's charisma and Anirudh's music.,Neutral
Varisu,Vijay,Vamshi Paidipally,Family Drama,2023,The chemistry between Vijay and Rashmika Mandanna is adorable. Their scenes bring lightness to an otherwise emotionally heavy narrative.,Positive
Mandela,Yogi Babu,Madonne Ashwin,Political Comedy,2021,Madonne Ashwin's direction is assured and intelligent. He trusts the satire without over-explaining the jokes.,Positive
Karnan,Dhanush,Mari Selvaraj,Drama,2021,"Dhanush gives the performance of his career. His Karnan is volatile, vulnerable, and viscerally alive in every frame.",Positive
Cobra,Chiyaan Vikram,Ajay Gnanamuthu,Thriller,2022,Ambitious but flawed. The film has good ideas that are poorly executed overall.,Neutral
Mahaan,Chiyaan Vikram,Karthik Subbaraj,Drama,2022,Santhosh Narayanan's score is haunting and beautiful. The music perfectly captures the film's melancholic tone.,Positive
Mahaan,Chiyaan Vikram,Karthik Subbaraj,Drama,2022,The emotional complexity of the relationship between father and son is handled with extraordinary sensitivity.,Positive
Demonte Colony,Arulnithi,R Ajay Gnanamuthu,Horror,2015,Effective spooky entertainment for the Halloween crowd. More atmosphere than narrative but that works for horror.,Neutral
Lal Salaam,Rajinikanth,Aishwarya Rajinikanth,Drama,2024,Lal Salaam has good intentions but average execution. The message is important but the filmmaking is not strong enough to carry it.,Neutral
Valimai,Ajith Kumar,H Vinoth,Action,2022,The emotional thread about a brother going astray adds depth to what could have been a pure action film.,Positive
Jai Bhim,Suriya,TJ Gnanavel,Legal Drama,2021,A necessary film that more people should watch. Difficult subject matter handled with skill and sincerity.,Neutral
Captain Miller,Dhanush,Arun Matheswaran,Period Action,2024,Captain Miller is a stylish but uneven period action film. The visuals impress but the story frustrates.,Neutral
Karnan,Dhanush,Mari Selvaraj,Drama,2021,Mari Selvaraj makes films unlike anyone else. That uniqueness is both the film's greatest strength and limitation.,Neutral
Bigil,Vijay,Atlee,Sports Action,2019,Vijay's screen presence is unmatched in Tamil cinema right now. Bigil is a showcase of why he is the biggest star in the industry.,Positive
Beast,Vijay,Nelson Dilipkumar,Action,2022,Watchable action film that does not take itself too seriously. The comedy works better than the thriller elements honestly.,Neutral
Vettaiyan,Rajinikanth,TJ Gnanavel,Action Drama,2024,Fahadh Faasil is exceptional as the antagonist. His scenes with Rajinikanth crackle with intensity and philosophical conflict.,Positive
Thunivu,Ajith Kumar,H Vinoth,Heist Action,2023,Good popcorn entertainment that does not demand too much from the audience. Decent commercial film overall.,Neutral
Beast,Vijay,Nelson Dilipkumar,Action,2022,The action choreography is world-class. Beast feels like a Hollywood-level action film with Tamil soul. Every fight scene is a visual spectacle.,Positive
Soorarai Pottru,Suriya,Sudha Kongara,Biographical Drama,2020,Some dramatic liberties from the real story may irritate those who know Captain Gopinath's actual biography.,Negative
Cobra,Chiyaan Vikram,Ajay Gnanamuthu,Thriller,2022,The first half shows promise but the second half derails everything. Ultimately disappointing.,Neutral
Thunivu,Ajith Kumar,H Vinoth,Heist Action,2023,Ajith's transformation into the grey-shaded antagonist-hero is fascinating. His performance has layers and unpredictability.,Positive
Bigil,Vijay,Atlee,Sports Action,2019,Watchable once for Vijay fans. The film has heart but the execution is uneven across its lengthy runtime.,Neutral
Beast,Vijay,Nelson Dilipkumar,Action,2022,Anirudh Ravichander delivers another masterclass BGM. The background score during action sequences gives you goosebumps throughout.,Positive
Lal Salaam,Rajinikanth,Aishwarya Rajinikanth,Drama,2024,Lal Salaam is a heartfelt cricket drama with a strong message about communal harmony. Aishwarya Rajinikanth shows directorial growth.,Positive
Vedalam,Ajith Kumar,Siva,Action,2015,Vedalam lacks the substance to be a truly great film. It is entertaining but entirely disposable.,Negative
Bigil,Vijay,Atlee,Sports Action,2019,The villain track is underdeveloped. Jackie Shroff is wasted in a role that has no depth or proper motivation explained.,Negative
Thunivu,Ajith Kumar,H Vinoth,Heist Action,2023,Some action sequences are over-the-top even by Tamil commercial film standards. The physics-defying stunts are unintentionally funny.,Negative
Karnan,Dhanush,Mari Selvaraj,Drama,2021,Karnan captures the simmering rage of marginalized communities with devastating authenticity and artistic power.,Positive
Soorarai Pottru,Suriya,Sudha Kongara,Biographical Drama,2020,A feel-good film with heart and good intentions. More conventional than its reputation suggests but genuinely moving.,Neutral
Jai Bhim,Suriya,TJ Gnanavel,Legal Drama,2021,Certain characters among the authorities are written as one-dimensional villains without any human complexity.,Negative
Valimai,Ajith Kumar,H Vinoth,Action,2022,H Vinoth directs the action sequences with clarity and precision. Every chase scene has spatial coherence and visual impact.,Positive
Kanguva,Suriya,Siva,Action Fantasy,2024,Kanguva collapses under its own ambition. The parts are occasionally impressive but the whole is a failure.,Negative
Kanguva,Suriya,Siva,Action Fantasy,2024,An expensive spectacle that partially delivers. Suriya fans will find something to enjoy despite the weak story.,Neutral
Kanguva,Suriya,Siva,Action Fantasy,2024,"Devi Sri Prasad's BGM is thunderous and perfectly suited to the film's epic, mythological scale.",Positive
Mahaan,Chiyaan Vikram,Karthik Subbaraj,Drama,2022,Mahaan is a good film but the hype may have set expectations too high. It is excellent but not perfect.,Neutral
Pariyerum Perumal,Kathir,Mari Selvaraj,Social Drama,2018,Mari Selvaraj's first film already shows the mastery he would develop further. His empathy for his characters is profound.,Positive
Maaran,Dhanush,Karthick Naren,Action Thriller,2022,Maaran is deeply disappointing after the intriguing trailers. The execution fails the concept at every turn.,Negative
Varisu,Vijay,Vamshi Paidipally,Family Drama,2023,Varisu has a strong message about family values and integrity in business. The writing balances sentiment and entertainment well.,Positive
Cobra,Chiyaan Vikram,Ajay Gnanamuthu,Thriller,2022,The globetrotting narrative is visually stunning. Ajay Gnanamuthu shoots beautiful locations with cinematic flair.,Positive
Cobra,Chiyaan Vikram,Ajay Gnanamuthu,Thriller,2022,The film collapses in the second half under the weight of its own convoluted plot mechanics.,Negative
Vedalam,Ajith Kumar,Siva,Action,2015,The villain's plan and motivation make little logical sense upon any serious examination.,Negative
Vettaiyan,Rajinikanth,TJ Gnanavel,Action Drama,2024,The climax is emotionally devastating and unexpected. Vettaiyan subverts action film conventions in the best possible way.,Positive
Mahaan,Chiyaan Vikram,Karthik Subbaraj,Drama,2022,Some subplots feel underdeveloped and could have been expanded or cut entirely for a cleaner narrative.,Negative
Jai Bhim,Suriya,TJ Gnanavel,Legal Drama,2021,Lijomol Jose's performance as Sengeni is heartbreaking and unforgettable. She carries the film's emotional weight magnificently.,Positive
Cobra,Chiyaan Vikram,Ajay Gnanamuthu,Thriller,2022,Cobra is neither the disaster critics claimed nor the masterpiece fans hoped for. It is just average.,Neutral
Demonte Colony,Arulnithi,R Ajay Gnanamuthu,Horror,2015,The sound design is exceptional and arguably the film's most effective horror tool throughout.,Positive
Vettaiyan,Rajinikanth,TJ Gnanavel,Action Drama,2024,Vettaiyan is a decent watch for its strong performances and brave subject matter despite some narrative weaknesses.,Neutral
Jai Bhim,Suriya,TJ Gnanavel,Legal Drama,2021,The film is emotionally exhausting in a way that may limit its rewatchability despite its obvious quality.,Negative
Mandela,Yogi Babu,Madonne Ashwin,Political Comedy,2021,Mandela is a pleasant surprise — a small film with a big heart and sharp political intelligence.,Neutral
Lal Salaam,Rajinikanth,Aishwarya Rajinikanth,Drama,2024,"The film tries hard to deliver a meaningful message. Sometimes it works, sometimes it feels forced. Average overall.",Neutral
Mandela,Yogi Babu,Madonne Ashwin,Political Comedy,2021,Yogi Babu's performance elevates material that could have felt slight into something genuinely memorable.,Neutral
Kanguva,Suriya,Siva,Action Fantasy,2024,The action sequences in the ancient world setting are unlike anything Tamil cinema has attempted before.,Positive
Mandela,Yogi Babu,Madonne Ashwin,Political Comedy,2021,Good Tamil cinema that does not require a massive budget to be meaningful and entertaining.,Neutral
Vettaiyan,Rajinikanth,TJ Gnanavel,Action Drama,2024,The social commentary on extrajudicial killings is brave and necessary. Vettaiyan asks difficult questions without easy answers.,Positive
Demonte Colony,Arulnithi,R Ajay Gnanamuthu,Horror,2015,Arulnithi leads the ensemble with a natural performance that makes the horror feel grounded and real.,Positive
Cobra,Chiyaan Vikram,Ajay Gnanamuthu,Thriller,2022,Cobra tries to be too many things and ultimately fails to be any one thing successfully.,Negative
Pariyerum Perumal,Kathir,Mari Selvaraj,Social Drama,2018,Santhosh Narayanan's music perfectly captures the folk traditions and quiet pain of Tamil village life.,Positive
Maaran,Dhanush,Karthick Naren,Action Thriller,2022,The film has strong individual scenes that do not add up to a satisfying whole experience.,Neutral
Karnan,Dhanush,Mari Selvaraj,Drama,2021,Mari Selvaraj's direction is poetic and political simultaneously. His visual language is unlike anyone else in Tamil cinema.,Positive
Pariyerum Perumal,Kathir,Mari Selvaraj,Social Drama,2018,The romance between Pariyerum and Jo is tender and doomed in equal measure. Their chemistry is beautiful.,Positive
Ponniyin Selvan,Chiyaan Vikram,Mani Ratnam,Period Drama,2022,Mani Ratnam delivers a creditable adaptation. Fans of the novel will have their own relationship with this version.,Neutral
Vedalam,Ajith Kumar,Siva,Action,2015,Ajith's action sequences are spectacular and well-choreographed. His screen presence commands every frame of the film.,Positive
Captain Miller,Dhanush,Arun Matheswaran,Period Action,2024,"The action sequences have a raw, brutal energy that sets Captain Miller apart from conventional Tamil period films.",Positive
Karnan,Dhanush,Mari Selvaraj,Drama,2021,Dhanush's performance alone justifies watching. The film itself is challenging but deeply rewarding.,Neutral
Karnan,Dhanush,Mari Selvaraj,Drama,2021,The film is uncompromising in ways that may make it inaccessible to those outside its specific social context.,Negative
Mandela,Yogi Babu,Madonne Ashwin,Political Comedy,2021,Yogi Babu gives the performance of his career in the title role. He is both hilarious and surprisingly moving.,Positive
Ponniyin Selvan,Chiyaan Vikram,Mani Ratnam,Period Drama,2022,Spectacular filmmaking that partially overcomes the challenges of adapting such complex source material.,Neutral
Thunivu,Ajith Kumar,H Vinoth,Heist Action,2023,Neither the best nor the worst in Ajith's recent filmography. Thunivu is a decent enough one-time watch.,Neutral
Demonte Colony,Arulnithi,R Ajay Gnanamuthu,Horror,2015,Character development is sacrificed for horror atmosphere in ways that reduce emotional investment.,Negative
Beast,Vijay,Nelson Dilipkumar,Action,2022,Beast is entertaining in parts but not Nelson's best work. The Vijay-Pooja chemistry saves many scenes that would otherwise fall flat.,Neutral
Vettaiyan,Rajinikanth,TJ Gnanavel,Action Drama,2024,Amitabh Bachchan's extended cameo adds gravitas to the proceedings. His scenes with Rajinikanth are cinema gold.,Positive
Captain Miller,Dhanush,Arun Matheswaran,Period Action,2024,Worth watching for the period atmosphere and Dhanush's performance. Adjust expectations accordingly.,Neutral
Beast,Vijay,Nelson Dilipkumar,Action,2022,Beast feels like a missed opportunity. The premise was strong but the execution becomes increasingly ridiculous as it progresses.,Negative
Bigil,Vijay,Atlee,Sports Action,2019,"The football climax is one of the best sporting sequences in Tamil cinema. Bigil delivers on all fronts — action, emotion, and entertainment.",Positive
Cobra,Chiyaan Vikram,Ajay Gnanamuthu,Thriller,2022,Cobra is a confusing mess of ideas that never coheres into a satisfying film despite its ambitious premise.,Negative
Maaran,Dhanush,Karthick Naren,Action Thriller,2022,Dhanush deserves far better material than this. His talent is squandered on a poorly written story.,Negative
Varisu,Vijay,Vamshi Paidipally,Family Drama,2023,The villain is cartoonishly evil with no depth whatsoever. The corporate rivalry angle feels childishly written.,Negative
Cobra,Chiyaan Vikram,Ajay Gnanamuthu,Thriller,2022,Cobra is Chiyaan Vikram pushing creative boundaries with a complex multi-role character study.,Positive
Pariyerum Perumal,Kathir,Mari Selvaraj,Social Drama,2018,International audiences may need context about Indian caste structures to fully understand the film's stakes.,Negative
Soorarai Pottru,Suriya,Sudha Kongara,Biographical Drama,2020,The OTT release denied this film the theatrical experience it deserved. Worth watching for the performances.,Neutral
Vedalam,Ajith Kumar,Siva,Action,2015,The gangster background story is effectively conveyed through flashbacks that add depth to the protagonist's character.,Positive
Vettaiyan,Rajinikanth,TJ Gnanavel,Action Drama,2024,Better than expected given the subject matter. Not perfect but a sincere effort to make intelligent commercial cinema.,Neutral
Kanguva,Suriya,Siva,Action Fantasy,2024,Kanguva is a spectacular disappointment. The visuals are stunning but the story is empty and emotionally hollow.,Negative
Soorarai Pottru,Suriya,Sudha Kongara,Biographical Drama,2020,Soorarai Pottru makes you believe in possibility. It is the kind of film that reignites faith in human potential.,Positive
Karnan,Dhanush,Mari Selvaraj,Drama,2021,"The mythological symbolism, while artistically valid, can feel obscure and distancing for some audiences.",Negative
Varisu,Vijay,Vamshi Paidipally,Family Drama,2023,Competent filmmaking without any standout quality. Varisu is the kind of film you watch once and forget by next week.,Neutral
Soorarai Pottru,Suriya,Sudha Kongara,Biographical Drama,2020,The chemistry between Suriya and Aparna Balamurali is electric and authentic. Their relationship feels genuinely real.,Positive
Lal Salaam,Rajinikanth,Aishwarya Rajinikanth,Drama,2024,The film wastes Rajinikanth in an extended cameo when the story needed a stronger central character to anchor it.,Negative
Vedalam,Ajith Kumar,Siva,Action,2015,Vedalam delivers solid entertainment. The film knows its audience and caters to them perfectly.,Neutral
Kanguva,Suriya,Siva,Action Fantasy,2024,Kanguva is a visually spectacular achievement in Tamil cinema. The production design and VFX are genuinely world-class.,Positive
Bigil,Vijay,Atlee,Sports Action,2019,"Atlee knows how to make a mass entertainer. Bigil has everything — comedy, action, sentiment, and sports. Vijay fans will love every minute.",Positive
Karnan,Dhanush,Mari Selvaraj,Drama,2021,The symbolism throughout the film is rich and layered. Every viewing reveals new meaning and deeper understanding.,Positive
Ponniyin Selvan,Chiyaan Vikram,Mani Ratnam,Period Drama,2022,The female characters especially Nandini and Kundavai are written with remarkable depth and agency.,Positive
Ponniyin Selvan,Chiyaan Vikram,Mani Ratnam,Period Drama,2022,Vikram as Aditya Karikalan is a revelation. His intensity and regal bearing make the character unforgettable.,Positive
Jai Bhim,Suriya,TJ Gnanavel,Legal Drama,2021,Jai Bhim is an important film that may not be easy viewing. Those willing to engage will be deeply rewarded.,Neutral
Valimai,Ajith Kumar,H Vinoth,Action,2022,"After the spectacular bike chase sequences, the climax is anticlimactic and poorly staged.",Negative
Mandela,Yogi Babu,Madonne Ashwin,Political Comedy,2021,Works better as political satire than emotional drama but succeeds enough in both modes to be recommended.,Neutral
Soorarai Pottru,Suriya,Sudha Kongara,Biographical Drama,2020,The low-cost aviation story resonates universally — a dream pursued against all odds and all logic.,Positive
Mandela,Yogi Babu,Madonne Ashwin,Political Comedy,2021,Mandela is the kind of small film that lingers long after bigger productions have been forgotten completely.,Positive
Bigil,Vijay,Atlee,Sports Action,2019,Bigil tackles gender inequality in sports through an entertaining lens. The girls' team struggles feel real and emotionally resonant.,Positive
Kanguva,Suriya,Siva,Action Fantasy,2024,Bobby Deol's villain is effectively menacing and the production team created a compelling antagonist.,Positive
Maaran,Dhanush,Karthick Naren,Action Thriller,2022,The film is all setup with no satisfying payoff. After a promising start everything falls apart badly.,Negative
Demonte Colony,Arulnithi,R Ajay Gnanamuthu,Horror,2015,Ajay Gnanamuthu shows genuine horror filmmaking talent here that his later work has continued to develop.,Neutral
Vedalam,Ajith Kumar,Siva,Action,2015,Vedalam is Ajith Kumar at his commercial best. Siva crafts a thoroughly entertaining mass action film with strong emotional content.,Positive
Jai Bhim,Suriya,TJ Gnanavel,Legal Drama,2021,"The film's portrayal of the Irula community is respectful, detailed, and humanizing in the best possible way.",Positive
Pariyerum Perumal,Kathir,Mari Selvaraj,Social Drama,2018,The film's restraint is its greatest strength. Mari Selvaraj trusts his story to speak for itself without exploitation.,Positive
Demonte Colony,Arulnithi,R Ajay Gnanamuthu,Horror,2015,The budget limitations occasionally show and affect some effects-heavy sequences adversely.,Negative
Mahaan,Chiyaan Vikram,Karthik Subbaraj,Drama,2022,Mahaan is the rare Tamil film that works as both commercial entertainment and serious artistic cinema simultaneously.,Positive
Varisu,Vijay,Vamshi Paidipally,Family Drama,2023,Varisu is decent family entertainment. Not a great film but serves its purpose as a festive release for all age groups.,Neutral
Vettaiyan,Rajinikanth,TJ Gnanavel,Action Drama,2024,The romantic track is completely unnecessary and disrupts the serious tone of the film significantly.,Negative
Mandela,Yogi Babu,Madonne Ashwin,Political Comedy,2021,The pacing in the second half slows down as the film moves from comedy to emotional drama.,Negative
Vedalam,Ajith Kumar,Siva,Action,2015,The emotional climax is genuinely moving. The sister-brother bond makes the conclusion hit much harder than expected.,Positive
Vettaiyan,Rajinikanth,TJ Gnanavel,Action Drama,2024,The film works in parts. The philosophical conflict is interesting but the execution is uneven across the runtime.,Neutral
Beast,Vijay,Nelson Dilipkumar,Action,2022,"If you enjoyed Doctor, Beast offers a similar experience but slightly less satisfying overall. Average commercial entertainer.",Neutral
Kanguva,Suriya,Siva,Action Fantasy,2024,The ambition of Kanguva is admirable. Tamil cinema needs films that push the boundaries of what is technically possible.,Positive
Varisu,Vijay,Vamshi Paidipally,Family Drama,2023,Varisu is a warm-hearted family drama that showcases Vijay's emotional range. Vamshi Paidipally has crafted a feel-good film that resonates deeply.,Positive
Mandela,Yogi Babu,Madonne Ashwin,Political Comedy,2021,"Mandela occasionally pushes its satirical points too hard, becoming somewhat obvious in its political messaging.",Negative
Vedalam,Ajith Kumar,Siva,Action,2015,The sister-brother relationship is the emotional heart of the film and it works beautifully. Shruti Haasan delivers a great performance.,Positive
Kanguva,Suriya,Siva,Action Fantasy,2024,The narrative is incoherent and makes little logical sense even on its own mythological terms.,Negative
Ponniyin Selvan,Chiyaan Vikram,Mani Ratnam,Period Drama,2022,A great cinematic achievement that is not easily accessible to all audiences. Worth the effort it demands.,Neutral
Ponniyin Selvan,Chiyaan Vikram,Mani Ratnam,Period Drama,2022,The complex narrative with multiple characters and political factions can be genuinely confusing for those unfamiliar with the novel.,Negative
Cobra,Chiyaan Vikram,Ajay Gnanamuthu,Thriller,2022,Watchable for Vikram fans and those who appreciate experimental Tamil cinema. General audiences will struggle.,Neutral
Mandela,Yogi Babu,Madonne Ashwin,Political Comedy,2021,The film punches above its budget significantly. Every production choice is purposeful and effective.,Positive
Vedalam,Ajith Kumar,Siva,Action,2015,The humor is organic and the comedy tracks are genuinely funny without being forced into the narrative awkwardly.,Positive
Jai Bhim,Suriya,TJ Gnanavel,Legal Drama,2021,The film is based on real events and that reality makes every scene hit with devastating force and emotional impact.,Positive
Cobra,Chiyaan Vikram,Ajay Gnanamuthu,Thriller,2022,Such an enormous waste of Vikram's talent. His commitment deserved a much better written screenplay.,Negative
Pariyerum Perumal,Kathir,Mari Selvaraj,Social Drama,2018,Not easy entertainment but profoundly meaningful. One of those films that justifies the medium's existence.,Neutral
Captain Miller,Dhanush,Arun Matheswaran,Period Action,2024,The film sets up interesting conflicts that it does not fully resolve by the ending.,Negative
Mahaan,Chiyaan Vikram,Karthik Subbaraj,Drama,2022,"Karthik Subbaraj's direction is masterful. The screenplay is tight, layered, and filled with meaningful cinematic references.",Positive
Captain Miller,Dhanush,Arun Matheswaran,Period Action,2024,Arun Matheswaran's stylistic choices sometimes prioritize aesthetic over narrative clarity and emotional coherence.,Negative
Bigil,Vijay,Atlee,Sports Action,2019,Vijay excels in both the father and son roles. The emotional depth he brings to Rayappan's character is outstanding. AR Rahman's BGM elevates every scene.,Positive
Vedalam,Ajith Kumar,Siva,Action,2015,Vedalam has replay value. Every masala element works and the film remains entertaining on multiple viewings.,Positive
Mahaan,Chiyaan Vikram,Karthik Subbaraj,Drama,2022,Karthik Subbaraj continues to prove he is one of Tamil cinema's most gifted storytellers with this remarkable film.,Positive
Jai Bhim,Suriya,TJ Gnanavel,Legal Drama,2021,Jai Bhim is the most important Tamil film in years. It speaks uncomfortable truths about caste discrimination with unflinching honesty.,Positive
Maaran,Dhanush,Karthick Naren,Action Thriller,2022,Malavika Mohanan is excellent in her role. She holds her own admirably alongside Dhanush throughout.,Positive
Bigil,Vijay,Atlee,Sports Action,2019,Bigil is a visual treat! Atlee's direction combined with Vijay's dual role performance makes this a memorable cinematic experience. The football sequences are breathtaking.,Positive
Jai Bhim,Suriya,TJ Gnanavel,Legal Drama,2021,Jai Bhim went viral globally for good reason. It is genuinely one of the great Indian films of recent decades.,Positive
Varisu,Vijay,Vamshi Paidipally,Family Drama,2023,The pacing is painfully slow in the first half. Too many songs and emotional scenes slow the narrative to a crawl.,Negative
Bigil,Vijay,Atlee,Sports Action,2019,The social message about women in sports is handled well. Bigil entertains while making a meaningful point about gender equality.,Positive
Mahaan,Chiyaan Vikram,Karthik Subbaraj,Drama,2022,Mahaan is overlong and could have been tightened significantly in the second half without losing its emotional impact.,Negative
Varisu,Vijay,Vamshi Paidipally,Family Drama,2023,The emotional scenes work but the business drama does not. A mixed bag that Vijay fans will enjoy more than casual viewers.,Neutral
Pariyerum Perumal,Kathir,Mari Selvaraj,Social Drama,2018,The film's slow pace may be a barrier for those not accustomed to art cinema storytelling conventions.,Negative
Beast,Vijay,Nelson Dilipkumar,Action,2022,Vijay and Pooja Hegde's chemistry is fantastic. Their comedic moments lighten the intense action sequences perfectly.,Positive
Jai Bhim,Suriya,TJ Gnanavel,Legal Drama,2021,Suriya's production backing for this story shows his commitment to meaningful cinema beyond commercial considerations.,Positive
Demonte Colony,Arulnithi,R Ajay Gnanamuthu,Horror,2015,The actual scares are inventive and effective. Demonte Colony relies on genuine dread rather than cheap jump scares.,Positive
Pariyerum Perumal,Kathir,Mari Selvaraj,Social Drama,2018,A film that stays with you uncomfortably and productively. Exactly what challenging cinema should do.,Neutral
Karnan,Dhanush,Mari Selvaraj,Drama,2021,Karnan is a film that divides audiences sharply. Both reactions make sense given what the film is doing.,Neutral
Bigil,Vijay,Atlee,Sports Action,2019,The dual role concept is not fully explored. The connection between Rayappan and Bigil's character feels contrived and convenient.,Negative
Mahaan,Chiyaan Vikram,Karthik Subbaraj,Drama,2022,"Some symbolism is too on-the-nose, reducing the film's impact in moments that should have been more subtle.",Negative
Soorarai Pottru,Suriya,Sudha Kongara,Biographical Drama,2020,Soorarai Pottru is an inspirational biographical drama that celebrates the human spirit's ability to overcome impossible obstacles.,Positive
Captain Miller,Dhanush,Arun Matheswaran,Period Action,2024,Arun Matheswaran crafts stunning visuals that evoke the colonial era with authentic period detail and atmosphere.,Positive
Vettaiyan,Rajinikanth,TJ Gnanavel,Action Drama,2024,Rajinikanth fans expecting a typical mass entertainer will be disappointed. This is a serious film that demands patience.,Negative
Kanguva,Suriya,Siva,Action Fantasy,2024,Worth watching for the technical achievement alone. The filmmaking ambition is genuine even if misguided.,Neutral
Vettaiyan,Rajinikanth,TJ Gnanavel,Action Drama,2024,Some scenes feel preachy and lecture-like. The film could have trusted the audience more rather than over-explaining its themes.,Negative
Valimai,Ajith Kumar,H Vinoth,Action,2022,Ajith's cop avatar is convincing and well-developed. His character has both professional dedication and personal vulnerability.,Positive
Lal Salaam,Rajinikanth,Aishwarya Rajinikanth,Drama,2024,Watchable for the cricket sequences and Rajinikanth's cameo. Otherwise a fairly standard sports drama.,Neutral
Vettaiyan,Rajinikanth,TJ Gnanavel,Action Drama,2024,Vettaiyan is too slow for a mainstream commercial release. The philosophical debates slow down the action film pacing considerably.,Negative
Mandela,Yogi Babu,Madonne Ashwin,Political Comedy,2021,Some jokes rely too heavily on caste-based humor that may make some audiences uncomfortable.,Negative
Beast,Vijay,Nelson Dilipkumar,Action,2022,Vijay's RAW agent character is believable and cool. His transition from relaxed humor to deadly action mode is seamlessly executed.,Positive
Lal Salaam,Rajinikanth,Aishwarya Rajinikanth,Drama,2024,Predictable and cliched sports drama tropes make Lal Salaam feel generic despite its important social message.,Negative
Karnan,Dhanush,Mari Selvaraj,Drama,2021,"Karnan makes you feel the weight of injustice in a visceral, physical way that statistics and reports never can.",Positive
Ponniyin Selvan,Chiyaan Vikram,Mani Ratnam,Period Drama,2022,Watching PS1 and PS2 back to back is one of the great cinematic experiences Tamil cinema has offered in decades.,Positive
Kanguva,Suriya,Siva,Action Fantasy,2024,"Siva's direction lacks the depth this kind of ambitious material demands. It is all spectacle, zero substance.",Negative
Vedalam,Ajith Kumar,Siva,Action,2015,Siva understands what Ajith fans want and delivers it in full measure. Vedalam is pure mass entertainment done right.,Positive
Thunivu,Ajith Kumar,H Vinoth,Heist Action,2023,The climax is disappointing after such a promising setup. The resolution feels rushed and unsatisfying.,Negative
Maaran,Dhanush,Karthick Naren,Action Thriller,2022,Average action thriller that neither fully satisfies nor completely disappoints. Mediocre overall.,Neutral
Demonte Colony,Arulnithi,R Ajay Gnanamuthu,Horror,2015,Better than most Tamil horror films. The atmosphere is genuinely effective even if the story is conventional.,Neutral
Vedalam,Ajith Kumar,Siva,Action,2015,"Some action sequences push physics beyond the breaking point, even by Tamil mass film standards.",Negative
Captain Miller,Dhanush,Arun Matheswaran,Period Action,2024,Captain Miller suffers from serious pacing issues especially in the extended middle section of the film.,Negative
Mahaan,Chiyaan Vikram,Karthik Subbaraj,Drama,2022,The theme of a man reclaiming his identity after years of suppression resonates deeply on a universal human level.,Positive
Pariyerum Perumal,Kathir,Mari Selvaraj,Social Drama,2018,Pariyerum Perumal is proof that Tamil independent cinema can tell stories as important as any in world cinema.,Positive
Karnan,Dhanush,Mari Selvaraj,Drama,2021,The poetic approach occasionally sacrifices narrative clarity in favor of artistic impression.,Negative
Vettaiyan,Rajinikanth,TJ Gnanavel,Action Drama,2024,Vettaiyan is a good film but not for everyone. Fans of meaningful cinema will appreciate it more than mass entertainment seekers.,Neutral
Jai Bhim,Suriya,TJ Gnanavel,Legal Drama,2021,Some viewers may find the film's anger overwhelming even though the anger is entirely justified.,Negative
Thunivu,Ajith Kumar,H Vinoth,Heist Action,2023,The villain is forgettable despite the film's attempt to create an intimidating antagonist.,Negative
Maaran,Dhanush,Karthick Naren,Action Thriller,2022,Karthick Naren's script has massive logical holes that undermine the thriller's credibility completely.,Negative
Jai Bhim,Suriya,TJ Gnanavel,Legal Drama,2021,Some scenes of brutality are excessively graphic and may be too intense for sensitive viewers to sit through.,Negative
Vedalam,Ajith Kumar,Siva,Action,2015,Kabali Rajinikanth delivers a menacing villain performance that matches Ajith's heroism perfectly.,Positive
Demonte Colony,Arulnithi,R Ajay Gnanamuthu,Horror,2015,Demonte Colony is one of the most genuinely terrifying Tamil horror films ever made. The atmosphere is oppressively effective.,Positive
Vettaiyan,Rajinikanth,TJ Gnanavel,Action Drama,2024,Anirudh's BGM is extraordinary. The music elevates every scene and gives Rajinikanth's character emotional weight and gravitas.,Positive
Bigil,Vijay,Atlee,Sports Action,2019,Bigil works as pure entertainment but does not offer anything new or surprising. It is exactly what the trailers promised — nothing more.,Neutral
Maaran,Dhanush,Karthick Naren,Action Thriller,2022,Watchable once for Dhanush and the journalism premise. Do not expect logic or coherent thriller plotting.,Neutral
Vedalam,Ajith Kumar,Siva,Action,2015,The romantic track is unnecessary and slows down an otherwise tightly paced narrative.,Negative
Captain Miller,Dhanush,Arun Matheswaran,Period Action,2024,Arun Matheswaran's distinctive visual style is either compelling or alienating depending on your taste.,Neutral
Maaran,Dhanush,Karthick Naren,Action Thriller,2022,Maaran wastes a genuinely interesting premise with lazy writing in the second half. The antagonist's plot makes no sense.,Negative
Varisu,Vijay,Vamshi Paidipally,Family Drama,2023,Thaman's music is outstanding. Roja Kaadhal and the BGM during emotional sequences elevate the film significantly.,Positive
Soorarai Pottru,Suriya,Sudha Kongara,Biographical Drama,2020,GV Prakash Kumar's music is wonderful. Veyyon Silli became an anthem and the BGM enhances every emotional scene.,Positive
Vettaiyan,Rajinikanth,TJ Gnanavel,Action Drama,2024,Rajinikanth delivers a career-best performance in recent memory. His portrayal of a conflicted cop is nuanced and deeply moving.,Positive
Mandela,Yogi Babu,Madonne Ashwin,Political Comedy,2021,Mandela celebrates a marginalized person's discovery of their own political power with genuine warmth.,Positive
Ponniyin Selvan,Chiyaan Vikram,Mani Ratnam,Period Drama,2022,The film is better experienced as a cultural and artistic event rather than judged purely as entertainment.,Neutral
Demonte Colony,Arulnithi,R Ajay Gnanamuthu,Horror,2015,Some horror sequences rely on familiar genre tropes that horror fans will find predictable.,Negative
Jai Bhim,Suriya,TJ Gnanavel,Legal Drama,2021,TJ Gnanavel's direction is extraordinarily controlled. He tells this difficult story without melodrama or exploitation.,Positive
Kanguva,Suriya,Siva,Action Fantasy,2024,Suriya's dual role performance is physically impressive. His dedication to both the ancient and contemporary characters shows.,Positive
Beast,Vijay,Nelson Dilipkumar,Action,2022,The plot has too many logical gaps. A government agent behaving this casually in a hostage situation strains credibility.,Negative
Thunivu,Ajith Kumar,H Vinoth,Heist Action,2023,Thunivu falls apart in the second half. The social message becomes too heavy-handed and the film loses its heist thriller edge.,Negative
Valimai,Ajith Kumar,H Vinoth,Action,2022,Yuvan Shankar Raja's BGM is exceptional. The music gives the action sequences an additional layer of excitement.,Positive
Jai Bhim,Suriya,TJ Gnanavel,Legal Drama,2021,Jai Bhim works as both social document and gripping legal drama. Essential Tamil cinema.,Neutral
Bigil,Vijay,Atlee,Sports Action,2019,Average film with some good moments. The sports drama portions work better than the action sequences which feel over-the-top.,Neutral
Varisu,Vijay,Vamshi Paidipally,Family Drama,2023,Varisu feels like a Telugu family drama transplanted to Tamil with little adaptation. The cultural nuances feel forced.,Negative
Demonte Colony,Arulnithi,R Ajay Gnanamuthu,Horror,2015,The first act is too slow in establishing the characters before the horror elements kick in properly.,Negative
Thunivu,Ajith Kumar,H Vinoth,Heist Action,2023,The film is watchable despite its flaws. Ajith's performance and Ghibran's music are the clear highlights.,Neutral
Bigil,Vijay,Atlee,Sports Action,2019,Emotional moments hit hard especially the father-son sequences. Bigil is not just a sports film — it has a strong emotional core.,Positive
Ponniyin Selvan,Chiyaan Vikram,Mani Ratnam,Period Drama,2022,"PS1 ends abruptly as a first part setup, leaving many storylines unresolved which tests audience patience.",Negative
Soorarai Pottru,Suriya,Sudha Kongara,Biographical Drama,2020,The National Award win was entirely deserved. This is Tamil cinema at its most humanistic and inspiring.,Positive
Captain Miller,Dhanush,Arun Matheswaran,Period Action,2024,GV Prakash Kumar's period-appropriate score is excellent and adds immense texture to the historical setting.,Positive
Vettaiyan,Rajinikanth,TJ Gnanavel,Action Drama,2024,"TJ Gnanavel proves again he is one of Tamil cinema's most important directors. Vettaiyan is ambitious, thought-provoking cinema.",Positive
Captain Miller,Dhanush,Arun Matheswaran,Period Action,2024,The film captures the spirit of anti-colonial resistance with passion and historical sensitivity.,Positive
Maaran,Dhanush,Karthick Naren,Action Thriller,2022,Karthick Naren builds good tension around the investigative journalism premise in the first half.,Positive
Valimai,Ajith Kumar,H Vinoth,Action,2022,"Average Tamil commercial action film elevated by spectacular stunt choreography. Nothing more, nothing less.",Neutral
Valimai,Ajith Kumar,H Vinoth,Action,2022,Watchable for the action sequences. The story and characters are routine but the execution of set pieces is excellent.,Neutral
Mahaan,Chiyaan Vikram,Karthik Subbaraj,Drama,2022,Karthik Subbaraj fans will love it. Those unfamiliar with his style may find it slow and indulgent.,Neutral
Mahaan,Chiyaan Vikram,Karthik Subbaraj,Drama,2022,Vikram and Dhruv's real-life father-son dynamic adds an extraordinary emotional layer to their performances.,Positive
Vettaiyan,Rajinikanth,TJ Gnanavel,Action Drama,2024,Vettaiyan is a powerful social drama disguised as an action film. TJ Gnanavel handles the encounter killings controversy with maturity.,Positive
Kanguva,Suriya,Siva,Action Fantasy,2024,Neither as bad as the negative reviews nor as good as the trailers suggested. Kanguva is just mediocre.,Neutral
Pariyerum Perumal,Kathir,Mari Selvaraj,Social Drama,2018,A necessary film that every Indian should watch to understand the lived reality of caste discrimination.,Positive
Mandela,Yogi Babu,Madonne Ashwin,Political Comedy,2021,Mandela is a delightfully clever political satire that uses humor to expose electoral corruption with remarkable wit.,Positive
Jai Bhim,Suriya,TJ Gnanavel,Legal Drama,2021,Suriya's best film but also a challenging viewing experience. Not entertainment in the conventional sense.,Neutral
Cobra,Chiyaan Vikram,Ajay Gnanamuthu,Thriller,2022,Vikram's physical transformation for multiple roles is extraordinary. His commitment to the craft is unmatched in Tamil cinema.,Positive
Captain Miller,Dhanush,Arun Matheswaran,Period Action,2024,Dhanush is excellent and the production values are high. The script does not fully justify the ambitious setup.,Neutral
Beast,Vijay,Nelson Dilipkumar,Action,2022,Beast is a high-octane action thriller with Vijay in terrific form. The hostage situation setup is engaging and Nelson keeps the tension alive.,Positive
Pariyerum Perumal,Kathir,Mari Selvaraj,Social Drama,2018,Pariyerum Perumal forces upper-caste audiences to confront uncomfortable realities with devastating gentleness.,Positive
Pariyerum Perumal,Kathir,Mari Selvaraj,Social Drama,2018,"Pariyerum Perumal is essential Tamil cinema that demands an attentive, patient viewing approach.",Neutral
Mahaan,Chiyaan Vikram,Karthik Subbaraj,Drama,2022,The ending feels slightly rushed after such careful buildup throughout the film's considerable runtime.,Negative
Thunivu,Ajith Kumar,H Vinoth,Heist Action,2023,Thunivu is a stylish heist thriller with Ajith Kumar in absolutely terrific form. H Vinoth has crafted an engaging commercial entertainer.,Positive
Beast,Vijay,Nelson Dilipkumar,Action,2022,"Beast disappoints with its weak second half. After a promising start, the film loses steam and the climax feels rushed and unconvincing.",Negative
Soorarai Pottru,Suriya,Sudha Kongara,Biographical Drama,2020,Solid Tamil cinema that entertains while inspiring. Does not rewrite the genre but executes it very well.,Neutral
Valimai,Ajith Kumar,H Vinoth,Action,2022,The main villain is poorly characterized with minimal screen time and motivation that is never properly developed.,Negative
Kanguva,Suriya,Siva,Action Fantasy,2024,The VFX and production values are excellent. The story and characters are not. An uneven watch throughout.,Neutral
